"AIM_low","GEM_low","MESSAGE_low","REMIND_low","WITCH_low","AIM_mean","GEM_mean","MESSAGE_mean","REMIND_mean","WITCH_mean","AIM_median","GEM_median","MESSAGE_median","REMIND_median","WITCH_median","AIM_high","GEM_high","MESSAGE_high","REMIND_high","WITCH_high"
4.30829485828008,2.27278605862975,1.58579327999706,2.00992263038154,4.00401863057686,4.74749303636703,2.5756454280246,2.24879584164814,2.50568278640879,4.42124082182434,4.71861434560785,2.55835106588769,2.21333678953942,2.48191226774318,4.39964582710636,5.29802701508609,2.93094769821391,3.03909847054166,3.08214613515197,4.89778438821908
4.27057411845675,2.24742067662998,1.57013688081254,1.98385435213443,3.95894527713281,4.70484256054027,2.54219330769438,2.22761259418589,2.47004506499073,4.36581777364269,4.67548199246148,2.52530296538261,2.19224269574809,2.44708296920617,4.34343630640978,5.25450367758953,2.88922389441288,3.00342533882919,3.02904569048989,4.82996708510523
4.23757789199886,2.2213338321412,1.55651760070387,1.95950665551176,3.9115277233659,4.66184786907248,2.50960108816999,2.20690597165614,2.43754309658311,4.31177945813354,4.63319538014126,2.49303654640803,2.17144539536218,2.41465631164179,4.29078700214669,5.200047345904,2.84629335769435,2.97567369231389,2.99454569564993,4.76642604397231
4.20333502076532,2.19590970278944,1.5494874533342,1.9353390787466,3.8684239831166,4.62105054156459,2.47774900311537,2.18850468889804,2.40294851708914,4.25788308351949,4.5922186452319,2.46284661183099,2.15160719954443,2.38051378048602,4.23878933762864,5.1459761238763,2.80578318019274,2.95155508864781,2.94839081642391,4.69901271788833
4.17089796655479,2.17276163879325,1.52806350631533,1.90913764603212,3.8253205381736,4.58114468072487,2.44723336663267,2.16983300226242,2.37245996931897,4.20623836117858,4.55053596528093,2.43137634443045,2.13555464600743,2.34990045216698,4.18932860782901,5.10565127220667,2.76738337562604,2.92680471656133,2.91195515296974,4.63548316440816
4.13831855689831,2.14967945361909,1.51670838274986,1.88838035847397,3.78197014893831,4.54096730608011,2.41684945075586,2.14982309330722,2.34220948361612,4.15493806236493,4.51314183110805,2.40226608662789,2.11613087801533,2.31882936150792,4.13811634725682,5.05819570273459,2.72776682543088,2.89797142790157,2.87666097798194,4.5738349340325
4.10681718686052,2.12699252883105,1.50397899763868,1.86184524425445,3.73927764232537,4.50150547330194,2.38722989530634,2.13361652347202,2.30996976805497,4.10460428097251,4.47230751838777,2.37357595378046,2.10059035632886,2.28807074929852,4.08800524328646,5.00746948666147,2.68847666998926,2.87477558370985,2.83472040283911,4.51426493057915
4.07471586380451,2.1040604061067,1.48961231487973,1.83725867106417,3.69933385090452,4.46184700822028,2.35818769983571,2.1138914489833,2.27958440672804,4.05607196127876,4.4332265094092,2.3454017409801,2.07896258179481,2.25892878128288,4.04137400941633,4.95937448099679,2.65119799483734,2.85151160119943,2.79389387645105,4.4564545565318
4.04412174318484,2.08187344523384,1.47935457503878,1.81544679461977,3.65737925079836,4.42429086557147,2.33053441769089,2.09660372410459,2.25038963551427,4.00835896836236,4.39508551861665,2.31826950947822,2.06405908360829,2.22817329852642,3.99419686543006,4.91526924970254,2.61675165876517,2.82769651879503,2.75786468143606,4.39790016111584
4.01269995642124,2.05845373619269,1.46240763844536,1.79323724269974,3.61802074961625,4.38645810130888,2.30370712183494,2.07878890043756,2.22175840523657,3.96068563361661,4.35770807186032,2.29179576840218,2.04526396890982,2.20171754362699,3.94746754376606,4.8709091946349,2.583862212058,2.80704227025381,2.72066612532717,4.34125379054448
3.98343220784505,2.0399216568974,1.45061814014762,1.76945197771503,3.57839156297166,4.34982376866468,2.27746481919221,2.05871489270526,2.19420267980761,3.91458140171328,4.32220696324467,2.2658985451934,2.02394660551729,2.17340228572329,3.90226512496125,4.82963276280934,2.55064901011958,2.78050794180791,2.68660199300956,4.28567439764937
3.95207793679706,2.01953253192577,1.43547586146124,1.74793461500372,3.54045868722105,4.31217105076202,2.25184496565,2.04092903693921,2.16648354953842,3.86849145838383,4.28397555206368,2.24004965391845,2.00893913485312,2.14552477305516,3.85782887879034,4.78133526553129,2.51923226628942,2.75754925661523,2.65460767846935,4.23047418046049
3.92283366928949,2.00014254074766,1.42538785801429,1.72980959460075,3.50071919765169,4.27706291951039,2.22657294485585,2.02501099725852,2.13984594148914,3.82427072844101,4.24832564133628,2.2160289712861,1.99173555546473,2.12007009284812,3.81256297636335,4.74279470317508,2.48555609832495,2.73576629467023,2.62358099356151,4.18035832373226
3.89510429283344,1.98013826655086,1.41230533953833,1.70803893064724,3.46490602659341,4.24106115715346,2.20170917574998,2.00603637316834,2.11233679087461,3.78000259879907,4.21352229914025,2.19124482717321,1.97285131418146,2.0915772156832,3.76985433007517,4.69347332164062,2.45580108634283,2.70924748566989,2.58570552431244,4.1271929484179
3.86691128893447,1.96060819367092,1.40429570897766,1.68687049628281,3.42543351348961,4.20743948817041,2.17833179294896,1.99096036138752,2.08689108316289,3.73610589546433,4.17933379448822,2.16840353041002,1.95682391940457,2.0666419666104,3.72547332371681,4.65962729664536,2.42658349337058,2.68776573845606,2.55269259910661,4.07476682331043
3.83806176529545,1.94223370085194,1.38852375015516,1.66846978540675,3.38783364119157,4.17209322108596,2.15477161887914,1.97248713527359,2.06078090812713,3.69396848685957,4.14493704151225,2.14511082917372,1.93882524767238,2.04215346523116,3.68428181108402,4.61179201505837,2.39629201132609,2.66975761002424,2.5211521504475,4.0271493400643
3.81030809673789,1.9246877717926,1.37791590724707,1.64983916848662,3.35374180046356,4.13829348859605,2.13173039437084,1.95595167275918,2.03808550819463,3.6524625438099,4.11200033249442,2.12229257903875,1.92404301796825,2.01854339743965,3.64323447245636,4.57488521548776,2.36830723316822,2.64330389987556,2.49428985128647,3.97820219890498
3.78327988851165,1.90519386501615,1.36009976190433,1.63012980121494,3.31798968969338,4.10549672571677,2.10933563935464,1.93691665606934,2.01400576710384,3.61143568093693,4.07939394384782,2.10027430737855,1.90631277574685,1.99423424472339,3.60192928292047,4.53118877644008,2.34190316894333,2.61434122779575,2.46498034772804,3.93165200623098
3.75775037487768,1.89000143738006,1.35406421111584,1.61167734655425,3.28339244130941,4.07366000239785,2.08744730563161,1.92208210726067,1.9884059245484,3.57124352781847,4.04674789970622,2.07845730590499,1.89151122364601,1.96991697088415,3.56240573737657,4.49693555034719,2.31411216812418,2.60185074474162,2.43122491942744,3.88517132124182
3.7309396668697,1.87295013406164,1.33637590566538,1.59232375349675,3.24932821192496,4.03971126160654,2.06650734691583,1.90448625715601,1.96530155933962,3.53189558507558,4.01421175882181,2.05790296727689,1.87427405751198,1.94681065631602,3.52308061941038,4.45396843947951,2.285946322768,2.57677559140127,2.40389105242359,3.83997533266884
3.70386844888491,1.85422643055846,1.32372860921859,1.57514600862608,3.2151946351006,4.00832714177831,2.04551358002396,1.88796624340804,1.94230137519134,3.49340484099427,3.98291546814868,2.037516463228,1.85764816972602,1.92237262664622,3.48502636426886,4.41630382617627,2.26182398162524,2.55585214427295,2.37573120189776,3.79801067934948
3.67851353733289,1.83767093331312,1.31201614851742,1.55637051111395,3.18071665017088,3.97567647751243,2.02484663016276,1.87225745789075,1.91985566130658,3.45519515046342,3.95098588564059,2.01732129657249,1.84139077746734,1.90007376124606,3.44692030144759,4.37306414702472,2.23715023430512,2.53381687612552,2.34870370122036,3.75276781019761
3.6523243777746,1.82107447994213,1.3014232366579,1.53936660047406,3.14839166759006,3.94529714840528,2.00499421880748,1.85328982692031,1.89668351262618,3.41706039166271,3.91923682789417,1.99746224453052,1.82378266595045,1.87811137876379,3.40882811113544,4.3387247810619,2.21284831582626,2.50556181870027,2.31790192137976,3.71110915469088
3.62774373080032,1.80483091288014,1.29161269054936,1.52268510459858,3.11424104328425,3.91463919791942,1.98523576793922,1.83898789651683,1.87695532289974,3.37962872661121,3.89018027729931,1.97822786713457,1.80860831969134,1.85908574210852,3.37234388876728,4.30148359529211,2.18857850430723,2.48926401232284,2.29579235178004,3.67020596880983
3.60362590844559,1.78973283403055,1.27611791128136,1.50278114295745,3.08296789975742,3.8832138252138,1.9664358106217,1.82207775111517,1.85297973796543,3.34327886643409,3.85924681587738,1.9594260726434,1.79328440038855,1.8352685409212,3.33623595788809,4.26067189552553,2.16637905939415,2.46836861318273,2.26232217127964,3.62576332427801
3.57869739262649,1.7737147311894,1.26372594738887,1.48710952833343,3.05241804703829,3.85383585477204,1.94723612586193,1.80433719560077,1.83326942367294,3.30795723461153,3.83017981797067,1.94031530862359,1.77592319089494,1.81540450200084,3.30065685698759,4.22569198558632,2.14240458316362,2.44252432852112,2.23966749791703,3.58796251813854
3.55444338705352,1.75870393084626,1.25306364252364,1.47135535232194,3.01965474849465,3.82479122698791,1.92908783770227,1.79007889783565,1.81160064237407,3.27239248924571,3.80088007029581,1.92262260926648,1.75974338390884,1.79373637464732,3.26589800482544,4.19132543488359,2.12037452568588,2.43046625992109,2.21205414906375,3.54758252497211
3.53034637983386,1.74352815049002,1.24030889679244,1.45247836044629,2.9896245437544,3.79649655754644,1.91095335253171,1.772875254114,1.79023802950526,3.23811412259645,3.77241172267605,1.90467391814642,1.74339441407273,1.77217558262337,3.23130675666827,4.15625685756583,2.09939475123097,2.40389560393133,2.1880910285229,3.51108716683317
3.50785581651128,1.72836832620922,1.22570784167258,1.4387248438788,2.95798890232307,3.76861052009388,1.89325873716434,1.75665767080603,1.77058022812715,3.20374662072921,3.74485998804757,1.88680775695642,1.72735145559726,1.75349235152263,3.19683951296301,4.12440542423336,2.07884824395455,2.38619791352845,2.16261402378454,3.4723687124787
3.48436792081924,1.7145435556176,1.21720835920439,1.42109475786809,2.92910774650319,3.73967488570688,1.87639924463329,1.74278972650357,1.75085482400669,3.17006359871667,3.71723255746574,1.87043221161656,1.71447531362239,1.73308583950772,3.16258400860631,4.08763542234505,2.05778401371397,2.36952482611934,2.1357413772528,3.4353268085364
3.4617555219683,1.70082461779087,1.2046780083533,1.40617405162638,2.89917330655044,3.71253997764979,1.85911198783011,1.72702573872344,1.73149538994901,3.13724047167879,3.68921667351436,1.8533778708131,1.69675572888809,1.71495655394584,3.13048198105454,4.05689057905062,2.03716806825443,2.34748625046029,2.11721233399972,3.39890537427816
3.43883419709591,1.68651265582481,1.19483530073317,1.39104328075425,2.87085145159632,3.68528617003115,1.84218372206808,1.71142793125773,1.71200088394428,3.10435030045297,3.66279777560493,1.83651866496518,1.68172416049186,1.69497048779741,3.09704905897548,4.02080754518997,2.01605057617515,2.32667052068272,2.09324675885855,3.36170277957535
3.41726749251586,1.67220740199506,1.18242274775954,1.37473935610242,2.84101070215773,3.65837576672706,1.82590671108367,1.69610319609579,1.6919165946735,3.07192699885124,3.63605622781142,1.81966108463364,1.66794007464909,1.67496653727536,3.06420908126511,3.98889778077865,1.99856568413579,2.30591787940123,2.06591628320181,3.32932200339641
3.39503256090265,1.65884592438794,1.17272506837297,1.36043178106296,2.81348764146627,3.63218365589354,1.80984517352829,1.68155273243631,1.6739349314456,3.04044445088419,3.61028404858404,1.80411819475948,1.65351122750975,1.65746053972277,3.03202455474981,3.95751564248848,1.97940229152673,2.28655529326558,2.04414316719844,3.29389803311061
3.37362376747032,1.64522521428419,1.15963213547768,1.34538201188063,2.78467864772135,3.60533263832103,1.79402682888052,1.66660222609947,1.65600438786338,3.00976642445099,3.58403056677903,1.78871318363427,1.6389770019006,1.63968075085713,3.00237366277404,3.92518308313804,1.9601904445438,2.26818408901553,2.0209051970071,3.25993538363324
3.35167170363504,1.63173749043253,1.14713643148685,1.32920397690041,2.75708210950105,3.58013189991608,1.77822617266426,1.65128349854096,1.63700894709345,2.97846124989811,3.55927691157597,1.77344230783629,1.62401683376494,1.62065140409785,2.97033692348681,3.89411646686129,1.94088963984276,2.24621949998323,2.00101741478574,3.22696500938443
3.33018390972895,1.61850353413587,1.14062512103311,1.31426788061989,2.72901610596625,3.55413362510678,1.76309274845409,1.63682710854165,1.61839538966564,2.94752681388712,3.53341930116497,1.75799729769156,1.60669750462616,1.60217545507697,2.93997719894708,3.86008660779707,1.92437462427639,2.2312040574688,1.97450317385648,3.19260900392052
3.3095431001193,1.60626210316795,1.12805027950323,1.30048203228758,2.70319932556308,3.52976784639416,1.74788162445984,1.6228354035803,1.60172722626866,2.91855077398465,3.50866691882862,1.74278191520673,1.59507217530138,1.58601159655898,2.91031834703958,3.83199966628537,1.90742613273412,2.20829367152945,1.95693345771705,3.16181831789148
3.28886303390724,1.59327185185486,1.11421179887263,1.28516953068074,2.67457284986758,3.50527698356148,1.73337289333335,1.60765684830069,1.58344301401985,2.88830213198992,3.48475180555616,1.72843015318431,1.58112247431274,1.56791985864493,2.88059999974977,3.80388156204246,1.88882150475395,2.18752586954129,1.93474150253125,3.13079924552012
3.26798180225976,1.58029220263079,1.1049395475422,1.27005294074241,2.65077175587574,3.48029537410857,1.71847989140456,1.5931347928056,1.56572866129455,2.86076099124335,3.46037969672848,1.71403714600558,1.56522373189281,1.55047438368872,2.85251566459948,3.77377363299416,1.87158355777815,2.17453366973296,1.91502892195213,3.09890921828546
3.24824930743145,1.56861829583372,1.09399780622249,1.2560473480389,2.62338809468975,3.45699499961048,1.70466354237804,1.57861142571485,1.54748192610288,2.83090602489411,3.43703707643856,1.70009395003067,1.55145930591453,1.53205059678749,2.8228781705141,3.74742513588477,1.85651527661743,2.15204079867439,1.88933319597382,3.0678543738212
3.2277483691265,1.5562162911083,1.08582881385758,1.24393161484007,2.59747470766393,3.43228040686983,1.6901271880567,1.56521196884997,1.53127837568699,2.80296284460795,3.41291366515776,1.68559159384196,1.53898263056679,1.51572698268417,2.79443902184939,3.71462971448504,1.83865441657446,2.1306977437635,1.87101767175576,3.03691596576125
3.20816559969822,1.54433769577558,1.07036791446648,1.22917970583233,2.57313900102068,3.40964185454734,1.67637428391725,1.5504591078891,1.5145459439281,2.77461433242862,3.38997534900644,1.67204471683037,1.52413062547941,1.49942704756415,2.76624142082467,3.69007328825905,1.82304925106206,2.11759502650809,1.85168464673951,3.00600608699955
3.18835207025091,1.53210134797591,1.06210180483794,1.21425666908542,2.54705150994514,3.38625616573757,1.66262272492153,1.5379164551924,1.49718957053257,2.74681233817573,3.36734195692919,1.65826846282506,1.51157313327518,1.48230811003169,2.73765843671822,3.66010454794158,1.8069304010275,2.10420783701968,1.82835749094549,2.97755914057793
3.16909107413014,1.52061017899945,1.04998548327274,1.20127223077389,2.52044580350862,3.36368351366787,1.64936721245145,1.52216768433974,1.48066384881314,2.71986503545486,3.34488701483407,1.64534838492884,1.49603623706498,1.466768534228,2.71138407436176,3.63311628065843,1.79156523636785,2.08003543880372,1.80561001317475,2.94869715280242
3.15052510917053,1.50917021496715,1.04388479454175,1.18801868522651,2.49848818094718,3.34075813493735,1.63584076661768,1.51127026194965,1.46383491727654,2.69279793423602,3.32290317353094,1.63168606697554,1.48587868398535,1.44960686413905,2.68329690004358,3.60291596023777,1.77686186513445,2.06375590414979,1.78833764844718,2.91962634365924
3.13081041142772,1.49795326245497,1.03361171978521,1.17517608783668,2.47287217514027,3.31853711230448,1.62268895210881,1.49700077150062,1.44854258112212,2.66602344475566,3.30054785077062,1.61901620099284,1.47221580666821,1.43473746116712,2.65649207727721,3.57853232489746,1.76029016213269,2.04844995780321,1.77022973426615,2.89186780021242
3.11255730674185,1.48625266262563,1.02557114892184,1.1622295416563,2.44803426044084,3.29676131641817,1.60978461129931,1.48326851109611,1.43330654194315,2.63957874138467,3.27867910928147,1.60600261611624,1.45778177566666,1.41920829725851,2.63015303298807,3.55238252758762,1.74567269136742,2.02856088917582,1.75296546925869,2.8643725101915
3.09429042154242,1.47500047554637,1.01288010789611,1.14842352357141,2.4251233105108,3.27489521668778,1.59745996550348,1.4691571016944,1.41603072402927,2.61390826673083,3.25751692342529,1.59363735218395,1.44336650435105,1.4025008915793,2.60451260892425,3.52475791167189,1.7320628091083,2.01270660698823,1.73162286228089,2.83444656797941
3.07551908862114,1.46455294140149,1.00318174164775,1.13542842075515,2.40106927975165,3.25310276780921,1.58462937287764,1.45816364242983,1.39988819808069,2.58869527686287,3.23604065244668,1.58070959859207,1.43231376292064,1.38545140450054,2.57916073028342,3.49972075684813,1.71816587839622,1.99899876939749,1.71203949760782,2.80914935215815
3.05679357476371,1.45335364804237,0.994242539761003,1.12162203309181,2.378482550197,3.23238136200882,1.57189274944453,1.44483260380368,1.38409431688131,2.56306252991188,3.21584637056041,1.56820670887819,1.41904856287215,1.37047234951336,2.55315839517884,3.47751653364169,1.7028966786817,1.98183864038071,1.69259873936598,2.78117744484572
3.03975378462688,1.44317229805417,0.982452416555347,1.10938182502631,2.35454142687894,3.21157580968605,1.5598726890096,1.42976564611117,1.36916050689529,2.53811844781759,3.1946598942097,1.55594885249866,1.4056341665277,1.35463794586623,2.5282004663842,3.45071037081868,1.68901046038772,1.96060036567415,1.67859154775881,2.75613890577376
3.02142945045154,1.43188646976053,0.96989233827179,1.09667346228915,2.33204045476633,3.19058608161127,1.54801610184146,1.41668782697561,1.35337900189184,2.51288377282484,3.17496611092524,1.54441639057125,1.39249557901043,1.34005624517492,2.50304666886145,3.42407701088781,1.67571712745017,1.94317566432734,1.65456664877438,2.72673996644133
3.00333745895901,1.42202595232104,0.96373076064526,1.08342988651597,2.30794567732669,3.17000754748359,1.53632941840752,1.40712543984458,1.33906441690988,2.48796076900992,3.15463434715582,1.53270599287159,1.38193088810174,1.32667036922649,2.47827167447294,3.39912754943813,1.66145681464532,1.93417785099818,1.63947720309505,2.70050881756828
2.98661487401713,1.41163116805329,0.953844579276107,1.07135986892263,2.28776972939168,3.15007227459355,1.52422134617451,1.39515434934062,1.32293331075293,2.46474995234696,3.13419977190983,1.52079180849788,1.36937270343103,1.30982411878125,2.4549263653915,3.37704822311714,1.64825840653315,1.91937504545365,1.61924867780285,2.6757769297301
2.9694936053924,1.40128652398528,0.943134200230016,1.05716883749683,2.26510417267525,3.13026675013689,1.5126318733879,1.3804142773938,1.3074801023487,2.44080785138461,3.11531055869455,1.50930293432735,1.35600079112181,1.29469313318466,2.43094755213426,3.35399339460701,1.6354283172929,1.90261921543595,1.6003554694672,2.64969640139972
2.95260273940783,1.39129516095729,0.932928180192592,1.04670604437035,2.24286292897963,3.11082198214111,1.50130787509122,1.36802199673932,1.29448015661022,2.41747878538742,3.09534477115159,1.49792436471787,1.34354909011064,1.28169328691113,2.4078924426794,3.33173990315553,1.62243464007623,1.88507187751655,1.58484862126818,2.62591020638732
2.93595570846857,1.38117609815099,0.928053116307859,1.03295129405248,2.22131848796064,3.09126536877178,1.4900872189636,1.35728945434765,1.27819311872344,2.39326759903732,3.07605098086308,1.48675377719536,1.33371798819462,1.26530029902803,2.38370773266611,3.30675718934126,1.61010507972139,1.87052128428365,1.56573185852194,2.59908151974154
2.91856619634747,1.37168773144224,0.91414500563479,1.02202995816443,2.20042554566518,3.07193320132355,1.4793933205153,1.34345172436109,1.2633518322285,2.37039563683035,3.057164957299,1.47623873794943,1.32010360063419,1.25112298727814,2.35976375703648,3.28429044008518,1.59735476575705,1.85089271042875,1.5473565876163,2.57564057071322
2.90242699831907,1.36161054639629,0.906502607092579,1.01013606757448,2.18040646601464,3.05315179949141,1.46782744692981,1.33355708358767,1.2495800941158,2.34741399427664,3.03863633853351,1.46483162226617,1.31096549012628,1.23713753483491,2.33737799175372,3.26390273894977,1.58364564894124,1.84058759377778,1.53562502975713,2.54950795734147
2.88621343765749,1.35163709899703,0.892016639539075,0.997511191917391,2.15878357250166,3.03469325064183,1.45717697107492,1.32005057149305,1.23405717610418,2.3247674135888,3.02015789658646,1.45405439011026,1.29713175067088,1.22196541943194,2.31441745442867,3.24098239845573,1.57241089493132,1.82315792007512,1.5118821463502,2.52640888063471
2.86907897891674,1.34342241186596,0.884928851655509,0.98593558459461,2.13697526793236,3.01575833067008,1.44676320341269,1.30809340255511,1.21983838724163,2.30211678795546,3.0016869444959,1.44403394963161,1.28445678561954,1.20791320872766,2.29124622898285,3.21876132688141,1.55941411641431,1.80859631069857,1.49668407764844,2.50326501657319
2.85341937855254,1.33316020093098,0.879308853793549,0.972910640202409,2.11826902224541,2.9969005231029,1.43587398243545,1.29636733957915,1.20559015465217,2.28002399246513,2.98308078384472,1.433125967993,1.27326826618183,1.19332240139271,2.26902385677897,3.19560520250891,1.54825141474218,1.79556095798874,1.47992269659572,2.47831276063737
2.83704844194778,1.32459468398209,0.869821223643894,0.961389201636107,2.09696477281802,2.97836946286082,1.42568197688712,1.28594538232437,1.19093803973126,2.25822691432551,2.96463937392796,1.42302265038727,1.26455839828942,1.17906011137087,2.24760010450947,3.17327754400578,1.53632556684333,1.77814379862953,1.46112912107513,2.45609067833518
2.82186269795414,1.3153449484494,0.862107610403386,0.949737678583907,2.07739790669816,2.96076575743125,1.41518730095571,1.27612503831891,1.17786412359518,2.23638591922953,2.94711669412414,1.41256111231209,1.25232359192737,1.16585053226513,2.22599527538262,3.15485226608129,1.52438096020398,1.77189349832617,1.4456884187754,2.43153916108574
2.80590799625855,1.30556165136468,0.853552926026395,0.937541672530518,2.05765725034654,2.94328025792609,1.40512120773964,1.26344531190925,1.16361556777872,2.21486632211747,2.92990885639348,1.4024101741154,1.24007416166408,1.15195980191286,2.20434125112103,3.13463054541226,1.51299216580916,1.75270864075912,1.42939965159994,2.40741021856505
2.79069759960368,1.29673974921349,0.843432295410336,0.927381749438821,2.03737239773539,2.92589794935348,1.39447286028685,1.25138341595629,1.15049785635382,2.19335467275816,2.91288023479562,1.39184027440857,1.22820002318409,1.13866609372119,2.18292581086751,3.11448055356478,1.50139120647102,1.73432127733164,1.41384158179056,2.38474120162892
2.77474950394996,1.28828484115352,0.834447599063892,0.914516174701563,2.01755481508672,2.90818262017032,1.38489622665422,1.23946912438526,1.13537568377662,2.17208188854525,2.89547927645556,1.3823842017886,1.21673729132429,1.12425534022664,2.16177548789712,3.09391844003496,1.4896108710443,1.72136256626233,1.39352488488796,2.36123180662081
2.759633783696,1.27887892167841,0.8264225385227,0.904393187144237,1.99813376491379,2.89088711471245,1.3750146863598,1.23055064804701,1.12270265558436,2.15118032964127,2.87837867635768,1.37221408824908,1.20777309518941,1.1109400006053,2.14092379107344,3.07196366470822,1.47936363649891,1.7090954878717,1.37964275085835,2.33935539281379
2.74447510054916,1.27088236094072,0.819569859140596,0.891586820066639,1.97928891596676,2.87341686956158,1.36534601398814,1.21774933112953,1.10916686199392,2.130287452824,2.86102840051701,1.36279175528813,1.19584153027319,1.09776129824292,2.1198027879128,3.05129499962132,1.46840357633215,1.69403395738794,1.36529633690446,2.31664273826236
2.72956028205587,1.26269767901824,0.810584036184083,0.880179523866133,1.96065302752694,2.85710816231773,1.35618285720742,1.2099416627912,1.09455708849699,2.11021040171509,2.84493211744385,1.35373329077419,1.18784593711575,1.08316600661463,2.10016639560175,3.03347576585677,1.45812027992479,1.68261834237836,1.3473479223749,2.29325315735257
2.71474481848825,1.25394639114651,0.8019778640147,0.868822243973585,1.94199491307438,2.84021661527865,1.34656212119256,1.19777952429279,1.08215596915855,2.0895520294738,2.82802894601154,1.34392367959824,1.17625237924858,1.07085684624513,2.0790057203811,3.01266633434684,1.44715614002262,1.66749502700495,1.33270652528753,2.27362999014759
2.70020173123216,1.24524888908114,0.794745362569997,0.856999970439455,1.92313939318279,2.82375873803833,1.33688195766271,1.18731765899779,1.06869477866844,2.06926180992578,2.81189600747567,1.33465209307739,1.16521078979883,1.05811312452085,2.05943952105249,2.99380989664683,1.43668770198148,1.65422091512348,1.31615334311454,2.24894128125763
2.68578038107675,1.23819088037159,0.786864544534391,0.846693208715391,1.9049783106268,2.80748270395254,1.32808778491892,1.176696021702,1.05594083799488,2.049712717681,2.79600074579328,1.32564562201089,1.15492856205909,1.04502962112412,2.03956747413558,2.97512133119411,1.42615049671329,1.64286649700843,1.30037313093382,2.22919412751475
2.67120438052407,1.22979317902902,0.778700229964981,0.835212335517254,1.88626849928786,2.79119297121465,1.31904774578663,1.16645410290584,1.04217610139283,2.03036791102267,2.77948500523934,1.31689045583454,1.14410973532269,1.03189236983562,2.02031371274202,2.95789737541981,1.41574815691583,1.62944436415858,1.28422456390042,2.20780203147388
2.65673559628266,1.22223833254193,0.771657529356636,0.825159165505176,1.86892541442172,2.7754058181645,1.3100310986008,1.15664686632734,1.02856369753126,2.01013396616112,2.76382092654963,1.30804323861291,1.13391882326133,1.01767121581846,1.9995536656078,2.93872928164687,1.40510119167763,1.61829644086522,1.26794618249809,2.18589800773685
2.64260455523138,1.2143390405068,0.762126086129295,0.814349887306266,1.85078769103583,2.75954178679569,1.30131720095353,1.1456058490348,1.01625469507771,1.99116176479167,2.74795395641158,1.29903417592864,1.12282566376237,1.00576125014733,1.98096569387201,2.9228981353712,1.39622697349833,1.60408925980995,1.25481361099927,2.16655289926203
2.62864407478374,1.20662923948692,0.756973606198101,0.80298568942568,1.83384207064214,2.74350739640695,1.29249449991716,1.13692088824089,1.00370784184565,1.97137231717859,2.73214065774295,1.29026671166424,1.11504056063332,0.993647223083691,1.9611000989426,2.90182509356008,1.38594999613831,1.59091635420479,1.23936738217076,2.14305791934395
2.61449558146019,1.19926967057006,0.746340348624757,0.793597308376131,1.81641455927643,2.72831558349026,1.28401320586691,1.1272236248121,0.991948735675466,1.95318050276043,2.71722125803371,1.28192682357302,1.10666004320652,0.982064739049273,1.94299935192947,2.88602372313323,1.37566422240141,1.57738867716453,1.22573278894278,2.12531596030558
2.60079250347966,1.19142378261676,0.739088656710837,0.78153537960408,1.79827241003054,2.71262885556793,1.27543685743446,1.11496010522059,0.978288869223093,1.93366304104813,2.7020267967837,1.27336849651423,1.0930434538009,0.968262007883709,1.92402605844706,2.86727279592908,1.36709059630219,1.5654343034584,1.2095190046321,2.1019337395012
2.5870763857614,1.18426780332942,0.732034964574386,0.770348154411401,1.78251933138398,2.69757002303614,1.26724433313061,1.10650236613149,0.965386265116326,1.91555979329662,2.68653951881731,1.26533032019417,1.08486585015476,0.955321227399868,1.90540715342831,2.85180369239724,1.35721985456586,1.55520946408262,1.19304518981751,2.08224376001738
2.57347609798768,1.17678861818377,0.723631686828942,0.760009004883627,1.76542182258785,2.68241152981196,1.2592288969096,1.09572891520867,0.953313747095455,1.89682648545859,2.67184039927714,1.25711423718581,1.07490764149968,0.942802315062227,1.88668089223812,2.83336047011294,1.34848257255507,1.54270326147672,1.1810846479185,2.06275827424876
2.56023727068553,1.16875015149282,0.717903651778638,0.750621739807122,1.74836123311887,2.66743496219934,1.25061111613853,1.08819004188941,0.940964942533172,1.87911952398751,2.65692606069359,1.24869157621884,1.06689770360016,0.931176022603775,1.86868642873199,2.81654342218805,1.3384217348875,1.53004875883076,1.1639376756022,2.04541639660453
2.54632853502428,1.1624371290877,0.709729456486632,0.739652376898803,1.73264144824766,2.65298332090417,1.24276055268586,1.07739630627663,0.928586553984517,1.86061204784733,2.64239730362148,1.2407125035466,1.05654032237823,0.918873327620073,1.85078549331718,2.80084396063199,1.3296104473725,1.51674407288627,1.15008663667149,2.02193109769387
2.53350203334894,1.15524351148539,0.703700312211848,0.728901069933921,1.71551898193308,2.63797790331451,1.23519652241828,1.06961319648125,0.915751602062419,1.84298561235586,2.62733649633456,1.2332487140718,1.04914010956429,0.906129669813931,1.83286227317265,2.78401397481704,1.321317867401,1.50909382424554,1.13613537753367,2.00384045361049
2.52045715466497,1.14922124514981,0.694901293972661,0.717731819113801,1.69934094687699,2.62343129535535,1.22768759038774,1.05882345353792,0.903835472750689,1.82488407578638,2.61298110128893,1.22601677963725,1.03808720844556,0.894781290375618,1.8147815344294,2.76581228447249,1.31207024561554,1.49424588641701,1.12180243854829,1.98300254828055
2.50719965153438,1.14227476780656,0.68724364692337,0.709039608526406,1.68392776198373,2.6091922509608,1.21969588882095,1.05050480333721,0.892338684452164,1.80753155112778,2.59896237063569,1.21777869939072,1.02913074984111,0.882888552683048,1.79775250990954,2.75136400638233,1.30286845513014,1.48394220925004,1.10698049138398,1.96481368130421
2.49474945169492,1.13543880772085,0.681462621083787,0.69852101126757,1.66813490220923,2.5952827380154,1.21215787363691,1.04195452061848,0.87958135991794,1.7901582267046,2.58503346088318,1.21035576731941,1.0210902676812,0.869868775219745,1.78019441756281,2.73732246397274,1.29508806947636,1.47283033977238,1.09334633616094,1.94545770094412
2.48171632855553,1.12924020176742,0.676634118623493,0.688532189012176,1.65245681559224,2.58052821974394,1.204639794977,1.03242880085329,0.868095619707363,1.77297817914592,2.57052031131714,1.20287832811314,1.01203620430457,0.859230733859159,1.76328176927762,2.71830372173096,1.28560900142137,1.46061713911576,1.07823578258841,1.92712780937826
2.46921707398412,1.12276991723446,0.666145386609033,0.678432236827603,1.63718700760146,2.56684802340619,1.19756855493387,1.02256630444088,0.856181825030422,1.75598870247313,2.55705825787952,1.19585434571866,1.00224450576294,0.847717296479773,1.74648394034842,2.70293570331917,1.27814070115141,1.44954388302909,1.06431544793002,1.90742759966504
2.45642663114942,1.11673228547963,0.659226200836612,0.667940630783898,1.62185527401808,2.55264039939667,1.19042502954329,1.01446773337706,0.844323000705897,1.73922791960529,2.54287857579349,1.1887498819031,0.994180276593505,0.835440366500936,1.72962138826711,2.68688397607343,1.26983335315697,1.43996696842193,1.05029982185653,1.88983018162874
2.44403972393549,1.11062586464418,0.651382992383363,0.658331126436278,1.60614254215072,2.53946692497621,1.1835234340232,1.0040067663164,0.83292975681613,1.72229060857449,2.52950115534398,1.18167091542464,0.984106338466175,0.824048936509038,1.71301534460163,2.67422451078126,1.26192551507785,1.4246703042844,1.0385829922438,1.86984891037779
2.43193933027241,1.10423475745244,0.646314434033223,0.649446329052762,1.59065263619644,2.52580124481718,1.17702648961604,0.996952623438494,0.821560590085948,1.70550050744597,2.51604199235364,1.17567591734057,0.977509147334109,0.81308691100616,1.69617311060179,2.65801625959457,1.25446451980909,1.4154629738283,1.02178668418534,1.85237815704825
2.41963606371862,1.09880271907256,0.639971690738142,0.638864678819014,1.57640211088033,2.51231233722987,1.17056338593259,0.988711846716543,0.810193440113622,1.68867599278391,2.50265538900161,1.16894130455483,0.968665177919835,0.801778204395596,1.67928129514525,2.64274039678378,1.24733601706194,1.40719937705416,1.01045440193745,1.83253462604081
2.40725837713286,1.0930902596503,0.635047830336845,0.628719546301081,1.56180975460961,2.49890105016502,1.16340740579588,0.980418380156947,0.798804114157326,1.67278881988663,2.48944745777142,1.16200335600463,0.960026878012208,0.79038793979708,1.66343654460469,2.62725295477081,1.23910244237779,1.39805146058967,0.99717411793906,1.8155022670455
2.3954654821091,1.08718897501796,0.628896471199722,0.620378922206655,1.54682020274116,2.48561982442043,1.15715231515483,0.972907248172579,0.78752577796511,1.65631875404623,2.47645564614011,1.15568859518398,0.952937576223687,0.77890832783429,1.64762428782114,2.61286036503952,1.23200308123243,1.38684619498204,0.983989352235306,1.79649626382894
2.38325995072964,1.08201757619929,0.619935379962424,0.610285069871132,1.53214513283076,2.47293019300405,1.15093232905088,0.963115313576996,0.776573979177469,1.6404898107595,2.46336189370892,1.14946904668693,0.942602738985581,0.768703841910046,1.63173722240969,2.60010144333545,1.22412244433042,1.37441854064611,0.97027622132604,1.77881296642475
2.37172895165717,1.07659181302805,0.614171305964564,0.60122134889851,1.51874670795242,2.45983097983204,1.14495514047702,0.954932902971348,0.76498764654466,1.62514971867882,2.45028933944213,1.14363053913528,0.93523455077752,0.757162290842205,1.61626274684564,2.58528501944731,1.21805978072207,1.36373004611643,0.957026246568701,1.76237985269359
2.3599335657834,1.07107815867162,0.606006712443812,0.591981220274293,1.50448538939242,2.44724879278683,1.13880230990172,0.946380915206128,0.754026833998749,1.60926136357475,2.43764202873799,1.13752564721495,0.926151789354111,0.745832690922062,1.6008191228506,2.57211449532331,1.21085049956098,1.35192710918252,0.944745924566637,1.74379027418396
2.34877764812319,1.06575581563087,0.600498165406632,0.582970326296494,1.48985910798276,2.43436966720941,1.13295476851303,0.93924654624162,0.74390450436942,1.59373007775061,2.42498358598108,1.13168535547176,0.919653557292046,0.736436583552784,1.58506059822589,2.55731696999743,1.20407874537897,1.34443832960757,0.931176034229112,1.72610926068953
2.33673915157724,1.06076451473129,0.595469596011414,0.573117151866274,1.47620605563745,2.4219255329279,1.12730091235032,0.930184864635291,0.732868733827892,1.57859795420987,2.41293407923171,1.12606521527407,0.909855614063452,0.725540721101698,1.57015312650743,2.54406110895707,1.19776168492951,1.33435011478843,0.918668814716312,1.70958723956213
2.32548376896471,1.05626640749754,0.588724319941409,0.564756945060618,1.46299558481592,2.40926259418733,1.12204732786211,0.922714518225814,0.722176709963396,1.56339673970794,2.40000768214254,1.12082390818561,0.901561288329711,0.714160643405866,1.55476088314207,2.52945262202085,1.19192303870456,1.32494622274921,0.907018940561147,1.69307222669597
2.31430849652483,1.05108862678846,0.581890787355374,0.556605540428546,1.44887421285175,2.39694639067602,1.11655411748216,0.915810326657781,0.711892877186215,1.54816532940596,2.38755573479374,1.11546615941895,0.895405753319148,0.703941718911636,1.53977405152615,2.51556923598806,1.18571979106808,1.31695937238789,0.894672283185356,1.67540784495862
2.30352623475791,1.0467907715584,0.577757229289234,0.547326970541672,1.43645028481132,2.38486288630623,1.11146419190981,0.907703218866096,0.701131363961828,1.53379804027962,2.37588467712757,1.11039894893391,0.888625870122746,0.693178854064412,1.52581263673414,2.50217743061198,1.17988030353933,1.30790393475675,0.881762879163787,1.65880118214135
2.29228484496457,1.04191109464719,0.571176008935119,0.538383290823457,1.42293853503008,2.3724519833947,1.10645709501974,0.900598706127806,0.691361031067624,1.51880678045208,2.36341527197441,1.10546490582673,0.880136825467783,0.683633525243351,1.51068439376322,2.48863129004394,1.17435418988911,1.2983377999125,0.87093585723731,1.64233166793633
2.28135621207927,1.03759895198851,0.566891508240013,0.52993634345877,1.4104818755758,2.36071849719366,1.10157041918395,0.892650834804568,0.680545892458791,1.50456950579411,2.35153529952218,1.10050191900391,0.872597532825182,0.673420744031628,1.49672178203179,2.47501051688346,1.16881858722063,1.2892937742099,0.855986014254988,1.62547530150436
2.27059572814244,1.03318584701794,0.557724604103338,0.521418734977581,1.3971685944793,2.34897404192531,1.09679166664367,0.884102745497829,0.670935477160891,1.48999814446193,2.33966994815706,1.0958395971772,0.863310089750747,0.663438074690018,1.48254399675444,2.46388148596059,1.16380562916325,1.28119993898615,0.846323923464031,1.60856061528499
2.25974108605282,1.02910241685548,0.553010584327415,0.51336552197608,1.38511672099691,2.33724322210749,1.09220251513107,0.876687235099749,0.660528209819787,1.47628368397464,2.3279618632141,1.09118621359511,0.856752782003506,0.652927503410266,1.46888365371711,2.45138398403576,1.15866870852148,1.26791051058643,0.833582336388122,1.59372876938579
2.24896400619924,1.02479368617558,0.547026055442037,0.505530215838701,1.37315887557803,2.32534340221164,1.08798871415223,0.869932765194572,0.650814364874241,1.46296873928874,2.31628597234483,1.08710363936563,0.849939025101607,0.643482673658234,1.45569842492437,2.43728186297245,1.15441657410043,1.26229145685046,0.82225702115432,1.57828248583878
2.23846847728897,1.02108320392063,0.543283856545328,0.497271443563633,1.3594136593752,2.31415195578256,1.08400622477635,0.86333636891211,0.64111181464764,1.44868143854444,2.30471624743098,1.08310057249999,0.842961477753894,0.634008669340721,1.44136483134733,2.4264955482408,1.15036613695872,1.25278578807461,0.808873662837519,1.56216972867013
2.22803292283433,1.01770132428137,0.535940501072911,0.489007526048401,1.34771756607057,2.30270706916031,1.08038017829847,0.856552310252194,0.631081984998597,1.43495940972767,2.29343288581003,1.07935150697826,0.836538699339922,0.62385961728028,1.4281007942564,2.41314051361458,1.1464710884439,1.24767687021912,0.797456690588377,1.54533826606935
2.21778562410997,1.0140572900259,0.531733228498273,0.481029168109241,1.33616478829144,2.29160424513695,1.0766509826327,0.849967550683046,0.622063564759619,1.42169162354803,2.28224266430799,1.07568325259731,0.830004114196122,0.614834252932899,1.41472915881477,2.40096301027726,1.14275418774267,1.23610071616311,0.787321559392655,1.53108015955889
2.20772218009736,1.01006694509521,0.524311991536005,0.473828358019231,1.32395471349711,2.28016770141887,1.07288825897921,0.841284225137612,0.612790836571786,1.40833232237202,2.27125627622369,1.0718965219905,0.821712787968987,0.605768209191453,1.40173979231901,2.38748358206283,1.13912920980959,1.22497317470874,0.775944124562632,1.51517017651978
2.19727831691852,1.00661294557064,0.517252494631663,0.465614591816403,1.31256329968061,2.26915295074053,1.06961055390294,0.833934688248346,0.603268448326983,1.39557030079725,2.25987625786526,1.06858925120323,0.814972958968268,0.596354475388962,1.38949102847289,2.37680752357397,1.1357601731991,1.21731151003005,0.763901044560983,1.50055041685099
2.18712665358519,1.00378965846922,0.514037016490257,0.458021601768316,1.30101082931749,2.25820044586245,1.06658332468417,0.82890051758248,0.594099314799755,1.38250128014766,2.24899664266126,1.06535158405371,0.808354336728662,0.587289978592708,1.37618465149136,2.36519458523493,1.13344321709414,1.21154840249498,0.753417738005786,1.48540199604483
2.17740650996144,1.00040874146366,0.509722780405322,0.450493761640857,1.28971904379075,2.24737747944728,1.06365582467366,0.821789235880945,0.585357903490532,1.37002682832009,2.23824306448348,1.06247115575443,0.801803692180052,0.578870445759527,1.36428057827918,2.35199857052278,1.1308554975241,1.20251772721512,0.742530657820826,1.47137540126195
2.16789966820968,0.997395179948828,0.504945466084596,0.442807329753811,1.27795285098735,2.23668052179181,1.06113231191385,0.814952320775647,0.575871983048577,1.35726194513736,2.22743436148314,1.05994942209339,0.795482311968559,0.569229465531612,1.35133283086427,2.34033623717708,1.12907642595296,1.19267567581172,0.731273931480599,1.45623665072405
2.1582737172515,0.994983878619481,0.497267624460482,0.435609592896007,1.26721803976573,2.22638646486038,1.05862110789724,0.807418424758773,0.567380365328548,1.34530840366265,2.21704844521487,1.05720540963113,0.786619724061698,0.560649951734355,1.34000296529837,2.33064698416202,1.12677407924464,1.18576613573784,0.721660267530707,1.44212062005103
2.14850435845582,0.991763785095401,0.491847427314332,0.428570597120681,1.25594254186131,2.21561802694984,1.05642156415563,0.800817266779742,0.559174666038074,1.33294659220571,2.20657670004424,1.05481482429096,0.781198412547656,0.552547321312671,1.32755063198993,2.31866586278452,1.12631096334633,1.17646305288253,0.711670331593775,1.42772281915854
2.13879658778017,0.989526111135613,0.487748025272019,0.422354379851989,1.24509110443276,2.20546241590926,1.05467554746965,0.794088713308628,0.551035951514769,1.32083997376047,2.19594432937481,1.05295745449293,0.773519051291692,0.544629271544493,1.31578522084493,2.30891592882139,1.12532192030908,1.1707817841284,0.702126919175947,1.41432425482788
2.12975582144421,0.987222766898276,0.483904644695316,0.415193198141773,1.23510151784847,2.19501556761182,1.05298381432615,0.788094118044814,0.542544423499549,1.30927304555932,2.1856165599679,1.05103131066574,0.767443740799699,0.536081973712783,1.30457387921832,2.29564661597705,1.12497003800894,1.1632784905087,0.69081191531934,1.4000126706406
2.12037285874329,0.984735478066362,0.47760476662248,0.409077547436207,1.22408254790254,2.18494960763738,1.05157504921495,0.781293957285004,0.534168284938791,1.29772709163475,2.17542964081522,1.04964846921863,0.761037022423632,0.527952335950692,1.29317556348968,2.28573701067351,1.12509437342864,1.15376620488696,0.680641422331932,1.38740013793627
2.11133457446094,0.982664129825325,0.469492825877955,0.402280957312981,1.21381609356771,2.17534644120689,1.05057111147049,0.774046465368702,0.526521857157859,1.28648844165941,2.16579938168482,1.04841780110842,0.754247871036372,0.520240639644504,1.28190732079875,2.27635985420396,1.12520444832791,1.1474867666234,0.672243731314073,1.37421566689799
2.10178919518335,0.98084240606011,0.468924955433017,0.395479654062499,1.20403305351333,2.16539416389592,1.04991140676773,0.769299479077999,0.517930851425761,1.27540602147477,2.15568282927708,1.047538815508,0.749950186376931,0.51205059675428,1.27124164037281,2.2672033835293,1.12696536551352,1.13919173803937,0.660671775212727,1.36023499353485
2.09332823250617,0.978318990649413,0.461706632813916,0.390205094964807,1.19388825193249,2.15573629178393,1.04909346190417,0.76207414014549,0.510507408162875,1.26478697010413,2.14582273654516,1.04667265629016,0.741261826822257,0.504202823423507,1.26077488219911,2.25609515316676,1.12819260100978,1.13022951567245,0.651382667915694,1.34868603303897
2.08457880469614,0.976993064752219,0.458580417694167,0.383442495073996,1.18412628115523,2.14619113942045,1.04918979442599,0.756449221849788,0.503179119062558,1.25382610848939,2.13609366848781,1.04647977988731,0.736022423934229,0.497265848121245,1.24994974939713,2.24612385692116,1.13074593052333,1.12226391914163,0.643437321105631,1.33695650463154
