"","0","10","20","30","40","50","60","70","80","90","100","110","120","130","140","150","160","170","180","190","200"
"750",0.777244553297579,0.777442059104235,0.777699742134543,0.778173956959588,0.778381724861389,0.778630893988054,0.778708887322405,0.77898829432633,0.779166823999936,0.779336134791782,0.779652387104068,0.779649566319019,0.779773618624306,0.780003357405499,0.780152201416062,0.780287706443509,0.780419887978967,0.780533568757885,0.780721025590988,0.780822363658835,0.780895474148154
"760",0.777377299880762,0.777688015686592,0.777994593432771,0.77824367482189,0.778593463909081,0.778753022808833,0.779013527406146,0.779124941673077,0.779500215819476,0.779496327840312,0.779703438795802,0.779794646863795,0.77998700904937,0.780090735716973,0.780435133056498,0.78043338437116,0.78052276736292,0.780558017813212,0.780805538219842,0.780832016270233,0.78111426051916
"770",0.777737708659728,0.777988685032904,0.778368044373995,0.778644960739995,0.778736004686626,0.779032824845088,0.779220323278137,0.779329947623034,0.779528728198206,0.779745578333081,0.779883301268946,0.780061446494391,0.780180660557684,0.78036289135822,0.780446778008009,0.780608975509,0.780774828366924,0.780862225276152,0.780895323873887,0.780842793612258,0.781146881607527
"780",0.777910545268594,0.778365863783791,0.77867862900284,0.778867429170402,0.779117363180968,0.779168380139859,0.779441021104288,0.779625782369732,0.779747101565455,0.779863402759769,0.779996305879674,0.780260266870538,0.780323035775259,0.780498705635158,0.780545352987288,0.780723721557891,0.780825009186239,0.780949511695551,0.781267954790991,0.781218921417272,0.781398390722579
"790",0.778331614378139,0.778656961063361,0.778897572072374,0.77904679811504,0.779305098700998,0.779521983921052,0.779701428203192,0.779843120248207,0.779942469125272,0.780176075895937,0.780296108709204,0.780226651077201,0.7804588775256,0.780666879903395,0.780797222792322,0.78090328877966,0.781019963693322,0.781180821098891,0.781192149893144,0.781321029486742,0.781428927753023
"800",0.77858028928883,0.778730437823792,0.779015301924654,0.779213996221681,0.779436243618278,0.779603356543299,0.779755468232,0.779882025504069,0.780161589375139,0.780203161675964,0.78030144387884,0.780394940203991,0.78060145829,0.780716084204237,0.780942521217994,0.781078812364771,0.781165651335543,0.781162402521106,0.781455449379996,0.781392333438189,0.781646112022892
"810",0.778800316754963,0.779077554160891,0.779296719353853,0.779531542634313,0.779593127918282,0.779967628630395,0.779867780117096,0.780007215663772,0.780492239002942,0.780349110364683,0.780475413985464,0.780727264096401,0.78087372950662,0.780873787002843,0.781193321051367,0.781420594298224,0.78141362252762,0.781372072025282,0.781537067235569,0.781607038289441,0.781579706072961
"820",0.779026810601801,0.779151836208228,0.779444745789399,0.779598646975416,0.779800751626487,0.780066481647683,0.780123518479431,0.780224165163796,0.780430100100413,0.780455269826391,0.780739553075559,0.78087053498692,0.780916493234201,0.781118992620271,0.781261889692042,0.781332670639822,0.78142391090005,0.781547594790521,0.781686525745215,0.781613519479547,0.781692313632917
"830",0.779266694988691,0.779466244052469,0.779531255190211,0.779820357692914,0.780001617636861,0.780233900782631,0.780412282529003,0.78042179785227,0.780644316263489,0.780697750183729,0.780826311236049,0.781062239424488,0.781096237183041,0.78118263109759,0.781290156722625,0.7813340270129,0.781469832820981,0.781506332648012,0.781678255715374,0.781761732559113,0.781857447365801
"840",0.779522189963091,0.77968104375747,0.779937111630627,0.780129602353921,0.780323025264448,0.780342175019155,0.780545796323687,0.780564154036974,0.780712548360171,0.780852897056264,0.78099401923355,0.781089277318875,0.781265390275451,0.781302424515005,0.781498134600177,0.781498853269946,0.781517118950325,0.781486091131085,0.7817303148514,0.781990986509477,0.781928116793129
"850",0.779622680280422,0.7798931807165,0.780018412863097,0.780219446027019,0.780341646261626,0.78061210292471,0.780671507883496,0.780851527175534,0.780866139539597,0.781038923583295,0.781211584750622,0.78119953039525,0.78144442492365,0.781443194349757,0.781465894054876,0.781697746554426,0.781783174318946,0.781880437555708,0.781868128059572,0.781939294723124,0.7819679470724
"860",0.779863071469585,0.78019142534887,0.780248770384556,0.780367603225039,0.780565532662838,0.780566596943701,0.780768489711597,0.780923418493423,0.780990443106213,0.781172929161159,0.781330382223311,0.781371346782594,0.781474494932236,0.781499099455135,0.781738814621055,0.781945754278574,0.781835833356049,0.781956932218826,0.781937046247583,0.782121403725817,0.782026395057345
"870",0.780079913018793,0.780230440216785,0.780378124328199,0.780529814510998,0.780673758725193,0.780740009146125,0.780920988611196,0.781113086736325,0.781178308210545,0.781237442555329,0.78135192906632,0.781554328053071,0.781512927728805,0.781770622547217,0.781600308187584,0.78180329040556,0.781942001975053,0.781974309043237,0.782102668595415,0.782100425345148,0.782083094473923
"880",0.780148608206014,0.780398703259431,0.780477697768016,0.780659176846869,0.780990121380118,0.780907351728986,0.781134450175673,0.781182214168381,0.781264619197595,0.78155711445972,0.781412736618852,0.781545065070415,0.781708072086954,0.781917188555862,0.781879057674607,0.781990325035472,0.782057476176662,0.782056814068162,0.782061231678295,0.782154953243156,0.782109174784896
"890",0.780363995620055,0.780597547717358,0.780681104113418,0.780926635905556,0.780946721267953,0.781124347296311,0.781291880547515,0.781316333036321,0.781413153341786,0.781437421688167,0.781647343823663,0.781671278669549,0.781753162561906,0.781844185794892,0.781833766747627,0.782003338384843,0.781970056179277,0.78213934165764,0.782191996675337,0.782280913401605,0.782121407291123
"900",0.780481290313261,0.780664358064713,0.78102679397977,0.780952367945243,0.781100298407247,0.781239794230832,0.781362248293212,0.781454959087839,0.781551364421108,0.781701816098431,0.781867864068602,0.78175703519998,0.781974773126853,0.781744910116328,0.781967437381146,0.782079651711075,0.782188269585424,0.782252743113798,0.782147869811944,0.782159734202395,0.782116526804958
"910",0.780807888980077,0.780980299085113,0.780855672407334,0.781206990429679,0.781374761477829,0.781285488817007,0.781548294655571,0.781721227744644,0.781727232955163,0.781751103637417,0.781892027219131,0.781920781800996,0.782014549749616,0.781986397159401,0.782172288276685,0.782069993801993,0.782240741095679,0.782288715119788,0.782299511145729,0.78226749968538,0.782187944556873
"920",0.780902355228272,0.781021609977765,0.781332081266358,0.781289445086947,0.781469863250674,0.781489496750009,0.781664210360077,0.781578992788234,0.781578142885495,0.781987117310728,0.782015567318689,0.781953082611994,0.782083733941366,0.782158834218299,0.782238176086693,0.782327562836828,0.78229424244808,0.782247134825304,0.782429941826821,0.782270441425907,0.782270312205527
"930",0.781105520425667,0.78113286224765,0.781335735146686,0.781474556184099,0.781495274953624,0.78168793623724,0.781727957553088,0.781791889841407,0.781933485046219,0.78202513652253,0.782074798971132,0.782300987005275,0.782079831268876,0.782283699170417,0.782260448066527,0.782391911861795,0.782313181011191,0.782416548339744,0.782299265456376,0.782316444080071,0.782235000384612
"940",0.781183173385034,0.781470708835919,0.781449991849959,0.78164257336917,0.781665364617802,0.781688116977184,0.78181322022391,0.781962916324216,0.781926658642249,0.782170239542153,0.782156256438876,0.782286157638122,0.782146689020605,0.782244033013045,0.782274421811708,0.782401159414092,0.782382701527336,0.782475882565501,0.782421936244248,0.782299265335266,0.78244147109422
"950",0.781277925629428,0.781417387265963,0.781467658937598,0.781832947822337,0.78183001534187,0.781804408357933,0.781871424709983,0.781936378994151,0.781981264018485,0.782189373774908,0.782283297157809,0.782362965741461,0.782324119942854,0.782467108885937,0.782423308219164,0.78250502681695,0.782444049153777,0.782423472182499,0.782409744660989,0.782321162405657,0.782382073195194
"960",0.781441817523101,0.78170807438139,0.78171053062451,0.781826307592805,0.782056100103175,0.782042024136135,0.782037373524981,0.782142214186499,0.782140829277853,0.782235667028097,0.782297344958529,0.782427697511183,0.782372237071218,0.782462321929702,0.782489933431325,0.782515752670641,0.782536466982851,0.782591044921106,0.782491915597889,0.782272136218343,0.781997475488833
"970",0.781537331605589,0.781838296009872,0.781865723652821,0.781966688206586,0.781867462033958,0.782184634175012,0.782172111619309,0.782238200318501,0.782291893012707,0.782163917185417,0.782580061772786,0.782386083997237,0.782457890752887,0.782591157852159,0.782541462153264,0.782586858342476,0.782568319873787,0.782598087165102,0.782599361135247,0.782356558994773,0.782236019107983
"980",0.781612353191787,0.781696787991883,0.782029802406165,0.781953860578256,0.782094413687081,0.782096425061489,0.782251359951484,0.782449530411691,0.782249855004723,0.782333178687339,0.782350629103883,0.782468393413504,0.782501723092676,0.782465807749775,0.782525188392997,0.782623187640434,0.782572390131581,0.782581168302996,0.782470608644281,0.782324265956474,0.782218014147462
"990",0.781751072090006,0.781971079990101,0.782100508193077,0.782136931641172,0.782189718061925,0.78234367332937,0.782328083760781,0.782491163568295,0.782343622690571,0.782669672210334,0.78234315458752,0.782462196160996,0.782512582558697,0.782659020499156,0.782781413803437,0.782608087997298,0.782523859695828,0.782499009162391,0.782452943725999,0.78252774720171,0.782374992596341
"1000",0.782045773182541,0.782210853150402,0.782059693150859,0.782307002925317,0.782323925634454,0.782355506135767,0.782273575864429,0.782692734246556,0.782517212091872,0.782568567025279,0.782480960629705,0.782620784461679,0.782680801191715,0.782740229416531,0.782714194226809,0.782614172108222,0.782739164634729,0.78263296387736,0.782645942256139,0.782424013940453,0.782381757557606
"1010",0.78201571312873,0.782207143601028,0.782145228883986,0.782250329707298,0.782358918651264,0.782523315281606,0.782357084141212,0.782530427725295,0.782572140102707,0.782593591313571,0.78275506419162,0.782658539903714,0.782714838431761,0.782663988730451,0.782730693976933,0.78264576124881,0.782682403070867,0.782592994042642,0.782589654359234,0.782349755373786,0.782317902673201
"1020",0.782082393226837,0.782204142824717,0.782195857401165,0.782386957566575,0.782387044280266,0.782530499251039,0.782598558885923,0.782694839013114,0.782658209736422,0.782689316737851,0.782777386127365,0.782812809959512,0.782755513545885,0.782679359784725,0.782800760279344,0.782835589186898,0.782768808014303,0.782728622777968,0.782611185743052,0.782552302304797,0.782364937495734
"1030",0.78215000977103,0.78243549394059,0.782468063043551,0.78245587164065,0.782620030184796,0.782553055798074,0.782606806304546,0.782629750945324,0.782705415773813,0.782819657851856,0.7828288095884,0.782827531147207,0.782922756603553,0.782848980563933,0.782741900819546,0.782850949721202,0.782786097089459,0.782812630051393,0.782693969376502,0.782545948365749,0.782421315948619
"1040",0.782332244433579,0.782375106033726,0.782492649992845,0.782428776911661,0.782516754050991,0.782633990550154,0.782639531117474,0.782602416521428,0.782724712375132,0.782647931545022,0.782764003868072,0.782759311418723,0.782878447345202,0.782788722242858,0.782832726951584,0.782928220391054,0.782816779912006,0.782834689377989,0.782646694838532,0.782584578579068,0.78237243492843
"1050",0.782581807646198,0.782522198827208,0.782524597516714,0.782632795434466,0.782709386598632,0.782748601047204,0.782635104992612,0.782737241263296,0.782756103203677,0.782852673936374,0.783011762689072,0.782976683091745,0.783007491104561,0.782811974849343,0.782885854224502,0.782792166246416,0.782818102876751,0.78278625803516,0.782721189899598,0.782384673173171,0.782339789551707
"1060",0.782482957318673,0.782558922185527,0.782493358423763,0.7826872392719,0.782693479761846,0.782830434145355,0.78283212909605,0.782788462230433,0.782751606185543,0.7827618630102,0.782817349678852,0.782971587462685,0.782945402011027,0.782908061138135,0.78290677465567,0.78299385607736,0.782860637676871,0.782898956475541,0.782712032644555,0.782535791227919,0.782450705175487
"1070",0.782675721045904,0.782643695436945,0.782835904941809,0.782819822165739,0.782724972972529,0.782882997355345,0.782907880925018,0.782781562863553,0.782874265342002,0.782949876319252,0.782979272954881,0.782778572597001,0.783025304448376,0.783060527221833,0.782871160244078,0.783046668517646,0.782891696834703,0.782759969579319,0.782769102862281,0.782582877466194,0.782256869751912
"1080",0.782598107869703,0.782868435082174,0.782736188653321,0.782695906530263,0.782577363620066,0.782930250694482,0.782887312484466,0.782944626222288,0.782919263561131,0.78300326883046,0.782969514895309,0.782904783056688,0.783079926618522,0.782900978428909,0.782959854276539,0.782818149412977,0.782853101535858,0.782869169875476,0.782827869706046,0.782557151630258,0.782479000151403
"1090",0.782797989161475,0.782806645447752,0.782799442086612,0.782929730888769,0.782952190987761,0.782897159674307,0.782945495267221,0.783109507068618,0.782963535165565,0.783003840404051,0.782929306770241,0.782854932073336,0.782928458370085,0.782970760512293,0.783038061985145,0.782975297309162,0.782811693571505,0.782811157981825,0.782758309573165,0.782777893301195,0.782473709818006
"1100",0.782809309333692,0.783010325584354,0.78294968288585,0.783051846887108,0.782951048255125,0.782966752846791,0.782840419382601,0.78297151795875,0.783007440689594,0.783173437087035,0.783056602977482,0.783170349630198,0.783013797774137,0.78304676518285,0.783070195039519,0.783023780633288,0.78303115104393,0.782825846580981,0.78271518396645,0.782670994255167,0.78232356750355
"1110",0.782884826432128,0.783041801716693,0.782983269676463,0.783049995000547,0.78301895660806,0.782914042007583,0.78299726088533,0.783109521923478,0.78310696215481,0.783159584357266,0.783107999169815,0.783088800345711,0.78302101375726,0.783177462705347,0.783147531888859,0.782952260653869,0.783016357943155,0.78283118906727,0.78281181197203,0.78268754790359,0.782593167377784
"1120",0.782835186055764,0.78312045273692,0.783004893282292,0.783032800222345,0.783018663343906,0.783041327710207,0.783199623098055,0.78319208618473,0.783160185356306,0.783075768651499,0.783256732880591,0.782947333953515,0.783004535835991,0.78303179815986,0.783092912810778,0.783034440083746,0.782914761909614,0.782949154693385,0.782720292916951,0.782828779662682,0.782631408934387
"1130",0.783007160550504,0.783175747879825,0.783217075061998,0.783136560491612,0.783162045309593,0.783128621797696,0.783247082605738,0.78318203106949,0.783045291795517,0.782998833063089,0.783138695809631,0.783251087185173,0.783081646884691,0.783085160540293,0.78315404377689,0.78311508083984,0.783039419121683,0.782858345397723,0.782656481541288,0.782626008947353,0.782501924820163
"1140",0.782851450760771,0.783063006505246,0.783108834298718,0.783221592045251,0.783126635687514,0.783251433391258,0.783146469890542,0.783274243514007,0.783098516260668,0.783257492461301,0.783284061172278,0.783005920063074,0.783012940104533,0.783129919489796,0.783053420523946,0.783085319280699,0.783013509414008,0.78301207231043,0.782689836821765,0.782657908822969,0.782448400224656
"1150",0.782954999961211,0.783237334479287,0.783218351624109,0.783269583217892,0.783143299976821,0.783265918223768,0.783174835460564,0.783276727833566,0.783111713067629,0.783298364558494,0.783205831640255,0.783140274438928,0.783168035497374,0.783070268428678,0.783118916087721,0.783205588164359,0.782981376851427,0.782818609056923,0.782851854264564,0.782621625430147,0.782432698490244
"1160",0.78316380870731,0.783227861319154,0.783249659289427,0.783207960001284,0.783286987755483,0.783251472785761,0.7831924036704,0.78335139919158,0.783187882343356,0.783020728729525,0.783244846025505,0.78336318210518,0.783098693369356,0.783116031575792,0.783084703562841,0.783119215026111,0.782929748737361,0.78299427642511,0.782606186765925,0.782557825376436,0.782536995337654
"1170",0.783163281168451,0.783469199764684,0.783408800273393,0.783335821893663,0.783292389099874,0.783240646907201,0.783291689672611,0.783258567124819,0.783114298367703,0.783209964103842,0.78313482390288,0.783165285523848,0.783275913845336,0.783113505135108,0.783173305689514,0.782990916365098,0.782800423129505,0.78303311055097,0.782794057510834,0.782677289389544,0.782628471456282
"1180",0.783202725850168,0.783400879664173,0.783423684967002,0.783278146561117,0.78335052418879,0.783210941404733,0.783006445868741,0.783207532817564,0.783304999785106,0.783261090388196,0.783112060435413,0.783259976992068,0.783268122299184,0.783092275061976,0.783103831506448,0.783153790972698,0.783050134509428,0.782948830335328,0.782691289041458,0.782648633477192,0.782481661004368
"1190",0.783350173454652,0.783372530050823,0.783391425551781,0.783435763264749,0.783424511300958,0.78339951026281,0.783416262539224,0.783157316882845,0.783279308357083,0.783266972048402,0.783309401112499,0.783160978170181,0.783237668521785,0.783092795911179,0.783247680488722,0.783163996442387,0.78316275523429,0.783080528129632,0.78281694572462,0.782625048980095,0.782509133950122
"1200",0.783307228437097,0.783407001912295,0.783341305481227,0.783241133336074,0.783363113881692,0.783521656647584,0.783369337432354,0.783400331996933,0.783337926076062,0.783199849670224,0.783055220497367,0.783258948021309,0.783210735109838,0.783226329213471,0.783104311965309,0.78328630329661,0.782881096226679,0.783024793973061,0.782877604966258,0.782660265151493,0.782539803116172
"1210",0.783332840036088,0.783317476048122,0.783612361531426,0.783571968975952,0.783345469130605,0.783435028646218,0.783481187068267,0.78325290809784,0.783256478924454,0.783356880509029,0.783245234910775,0.783174838699847,0.783198171787336,0.783283478291058,0.783260719897211,0.783154878371373,0.783006030582968,0.78296137983164,0.782756433948167,0.782743419861826,0.782435600809876
"1220",0.783341851726307,0.783416386866494,0.783413631584249,0.783424261189481,0.783400256475146,0.783461081814315,0.783405964613101,0.783463861201124,0.78339752578013,0.783386565323664,0.783240737844568,0.783248867221094,0.783167168587881,0.783198147710195,0.783131183954285,0.783320098589044,0.782940700316755,0.783078910502349,0.782757672652527,0.782812159160004,0.782498286037168
"1230",0.78331894429803,0.783579833591572,0.783569948417996,0.783357906544028,0.783512427144022,0.783405073401011,0.783430508566715,0.783372680060339,0.783257714896844,0.783420728963127,0.783286294011269,0.783295534916463,0.783247623660982,0.783147352261296,0.783178148593376,0.782959351957882,0.783095869100855,0.783073868283289,0.782895407762399,0.782678233337286,0.782391322490996
"1240",0.783445276488363,0.783527441105618,0.783599536768934,0.783566933189199,0.783323228351143,0.783512969558549,0.783500078683917,0.78343303800579,0.78321532617071,0.783234544626419,0.783214351581033,0.783331957502635,0.783201481769157,0.78305487502366,0.783066658606558,0.783220867811834,0.783016397474075,0.783035918276796,0.782867200146799,0.782741081720579,0.782484472556944
"1250",0.783568930484064,0.783706211735559,0.783572258880009,0.783631599646756,0.783633979574376,0.783438296075921,0.783426471474548,0.783439710308726,0.783305984363528,0.783514233612924,0.783096589414173,0.783122144124172,0.78315622110058,0.783238994798001,0.783268285329394,0.78306063047932,0.783104694626436,0.782985143545363,0.782846611861458,0.782517743901585,0.782268892553376
"1260",0.783504891681033,0.783719874653643,0.783715621210579,0.783601276355702,0.783730737941707,0.783451818308354,0.783383468612329,0.783464078771044,0.783261416829932,0.783292940082018,0.783229301515024,0.783211699457102,0.783216863017427,0.783113219077536,0.783013918175588,0.783180885873524,0.783228205313881,0.782980539914235,0.782797851633002,0.782673028163514,0.782557013945022
"1270",0.783586532840615,0.783727239031887,0.783484520575834,0.78359383683637,0.783463723204482,0.783553066170524,0.783562583643714,0.783361063075524,0.783452600188933,0.783351558165086,0.783372605433732,0.783269979369698,0.783272567175563,0.783223761683413,0.783085867203974,0.783115891024715,0.783086082662736,0.782964353240697,0.782773929545321,0.78270197758538,0.782384295629575
"1280",0.783490643529772,0.783635552438447,0.783645808780661,0.783476777844265,0.783525179528799,0.783388646359147,0.78346859864967,0.783364746797649,0.783356317464763,0.783343800529106,0.783373804709315,0.783194023705339,0.783291556344266,0.783198477833291,0.783040791230987,0.783184437921094,0.783028584020387,0.782931428971171,0.782829032828594,0.782652889511466,0.782527970031011
"1290",0.783628940521075,0.78383537246043,0.783619266501948,0.783656808153912,0.783500522032968,0.783502505393072,0.783537891924015,0.783342238675966,0.783461836727905,0.783214015784146,0.783293332620287,0.783341393882845,0.783140365876382,0.783066905943068,0.783021203774548,0.782893495860007,0.782990401818455,0.783152165653821,0.782681676579896,0.782665443756601,0.78238944352883
"1300",0.78361873806015,0.783711312982502,0.78366678222496,0.783614188485425,0.783579504304606,0.783545155645887,0.783456665330407,0.783418807699291,0.783233229359331,0.783217277884137,0.783265653689726,0.783168399323268,0.783287347682111,0.783394207188431,0.783092503486779,0.783072704091992,0.782949522201618,0.782762011550513,0.782736127286013,0.782708564372913,0.782442323807595
"1310",0.783732388322336,0.783810555245445,0.783820127472121,0.783606067847207,0.783609572705234,0.78371568080891,0.783314458582454,0.783452589623686,0.783405925966146,0.783186077752363,0.783505794846776,0.78313953474903,0.783177768319247,0.783104241437511,0.782998070172567,0.783176618978371,0.782985132776418,0.782923524589617,0.782896347996704,0.782640664942155,0.782485998386775
"1320",0.783801698704544,0.783756889961273,0.783779821589502,0.783692476112965,0.783471246151106,0.783631223224378,0.783362287277664,0.783494613750851,0.783417008026466,0.78343945283332,0.783180397482992,0.783268088607667,0.782987067541485,0.783119698699288,0.783143729063059,0.783154972174361,0.78297541984544,0.782943363555186,0.78260458011838,0.782447805356324,0.782217669711447
"1330",0.783727706178032,0.783851755543716,0.783720592777819,0.783590887865214,0.783552222250384,0.78353172306202,0.783476865820117,0.78336109854805,0.783406911775953,0.7833360017658,0.783391635589411,0.7832568795878,0.783150408942636,0.783005618519469,0.783065526291657,0.782909172066664,0.783057324148244,0.782930431343273,0.782833916972806,0.782671064445514,0.782140831100995
"1340",0.783604123032013,0.783827854435936,0.783892923978769,0.783674303774103,0.783664628794266,0.78354495935155,0.783562625388104,0.783408494903327,0.783432398235111,0.783324390322313,0.783187050595322,0.783286975833853,0.783263530297497,0.783133033345971,0.783170221821265,0.783001636738196,0.782897028131607,0.783043986201141,0.782815218082725,0.782635014707948,0.782377322369919
"1350",0.783770735492022,0.783804196888793,0.783813164452626,0.78378439731861,0.783689604397718,0.783690774826959,0.783312178139785,0.783436428375917,0.783375130998303,0.78330273437118,0.783221626849968,0.783142216742909,0.78312816025557,0.782990060980742,0.783330622946834,0.783074895252486,0.782951275581783,0.782966178886699,0.782713279246386,0.782623897434285,0.782367873529203
"1360",0.783669995777567,0.783886634961796,0.783964007000902,0.783610397458689,0.783465413213988,0.78359485612855,0.783382008150255,0.783261107083182,0.783238384126283,0.783165023678862,0.783196681344555,0.782939662135231,0.783155447042092,0.782991468387124,0.782998538050247,0.783068546417835,0.782902265905003,0.782653936547907,0.782554083872411,0.782626682722682,0.782352105774768
"1370",0.783765539571838,0.783919491974697,0.783707089747799,0.783711020938517,0.783485317657074,0.783493214555894,0.783413346680821,0.78363627671037,0.783330791594537,0.783297803586924,0.783171091447272,0.783171465965899,0.783209716563069,0.783217779418392,0.782992334557394,0.782807522415072,0.782931761317459,0.782975601621579,0.782742471235618,0.782565096419421,0.78201217059617
"1380",0.783919161901391,0.783917394274817,0.783784658402286,0.783719690225778,0.783534925758739,0.783560532535151,0.783527401164358,0.783425176860582,0.783363289386874,0.783416339162991,0.783297105848271,0.783242476764538,0.783004742838641,0.783128406139641,0.782858115943748,0.78301488517712,0.782796773452586,0.782934316257669,0.782736147144578,0.782518616285739,0.782281638700873
"1390",0.783724695306895,0.783878194080546,0.783849527625004,0.783844596474486,0.783667445527583,0.783693754482926,0.783332813512652,0.78346389872951,0.783491717231415,0.783099648880981,0.783311567114234,0.783190180497697,0.783068928238548,0.783090417166409,0.783057738771404,0.782810671471221,0.782797143199726,0.782711977410403,0.782679516117433,0.782533235717107,0.782466366307676
"1400",0.784011646966723,0.784142479608821,0.783705206347814,0.783798600930039,0.783539105963727,0.783608120202762,0.783364487082708,0.783370271956026,0.783166072652074,0.783374161763484,0.78324890385939,0.783198989797803,0.783085757028441,0.783191291523661,0.782856729892866,0.782806724710735,0.782928986417106,0.782670115012139,0.78253748901553,0.782525156490284,0.782387543832999
"1410",0.783861826736844,0.784039099459127,0.783718037204574,0.783655647880843,0.783614059288519,0.783450754017558,0.783530959938027,0.783223868916406,0.783376332877416,0.783288859050134,0.783087314915305,0.782986503472181,0.783068048941578,0.782945944292206,0.782933724487639,0.782827421843745,0.782829429157374,0.782730784826239,0.782721901631671,0.782494305261794,0.782223538273773
"1420",0.783905967464869,0.784105673007381,0.783686778602967,0.783809966010983,0.783588025287199,0.783448452384145,0.78344594934825,0.783226964445733,0.783304848772665,0.783259247206213,0.783185116746579,0.783286665870025,0.782798026342136,0.783010984359818,0.782830192811919,0.783043461099354,0.782861159474248,0.782788314769234,0.7825124300009,0.782293032802075,0.78221615684663
"1430",0.784020143432385,0.784028913903407,0.78389268721434,0.783917863699521,0.783390294944062,0.783631493584565,0.783216313458514,0.783411495609329,0.783366517920022,0.783186905602212,0.783239096290818,0.783164638283006,0.783205068247455,0.782783127690773,0.782744105125988,0.782688183043385,0.782845240057133,0.782715565226874,0.782725427553451,0.782514305073718,0.78208875774113
"1440",0.784031169317181,0.784105778127277,0.783708996009017,0.783724377259859,0.783568794311308,0.783643661059021,0.783096865893109,0.783166568599598,0.783349424213926,0.783217774850734,0.783074146119823,0.783062285586173,0.782912477767076,0.78301785936721,0.782809066876747,0.78277240780102,0.78277391601567,0.782673304867205,0.782603344872331,0.782334551655977,0.782084783462055
"1450",0.783781376651077,0.783934539536127,0.783935782607977,0.783756873975645,0.783445678207389,0.783567395270376,0.783278948200493,0.783301401905602,0.783287674391093,0.783172788551963,0.783123189672216,0.783035271200869,0.782926793100836,0.782900945249779,0.782752035479347,0.782650254058611,0.782659418651487,0.782687349547686,0.782487827025985,0.782347348149475,0.782131204834628
"1460",0.783939163501162,0.783952376302928,0.783856357692662,0.783610563692688,0.783576838826021,0.78344847085879,0.783472752438489,0.783304180965126,0.783134010297376,0.783098135053159,0.782935012487194,0.782929474766227,0.782811654696446,0.782853031349449,0.78258330674886,0.782606483493712,0.782690988020735,0.782778871548659,0.782553051652817,0.782336327937954,0.782080543199091
"1470",0.784032924808498,0.783961179489062,0.783775844013785,0.783735017409217,0.783558776286808,0.783426488489863,0.783289293133187,0.783343430058055,0.783309491125125,0.783292362761105,0.783081036887576,0.782953168400091,0.782823360128882,0.782917065473861,0.782816219688719,0.782866303977043,0.782723755255474,0.782511456664513,0.782320884916431,0.782306107918266,0.781894557078544
"1480",0.784078429457307,0.784225249252934,0.783664873872743,0.783557209003304,0.783596792404056,0.783471941556875,0.783296205926034,0.783536716984151,0.783192762528512,0.783207087562209,0.783001040411354,0.782991702053547,0.78284159236086,0.783036966399416,0.782879368779221,0.782744941460802,0.782792389049414,0.78241913339441,0.782434452189442,0.782241166556487,0.782183630383684
"1490",0.784035541222143,0.784048531687917,0.783738727087036,0.783773838591675,0.78345322971117,0.783576912097417,0.78339445868812,0.783342826071308,0.783235338370927,0.78303412577195,0.782901057764609,0.782957837926874,0.782956962912066,0.782980345319278,0.782882387048127,0.782600829554136,0.782429809904621,0.78262389385265,0.78234803259875,0.782286701339371,0.781938011713398
"1500",0.783978494377407,0.783854135336289,0.783885761849144,0.783636846968803,0.783458173919755,0.783559136662468,0.783286437190701,0.783258127820895,0.783235237312486,0.783012051208779,0.783171488363884,0.782848882712165,0.782955245225255,0.782905440807127,0.782733793206362,0.782624920496298,0.782413513515207,0.78243996246691,0.782390153698557,0.782061321742074,0.782051363600197
"1510",0.78415938023552,0.784065119338516,0.783860305509836,0.783731965196769,0.783694076077944,0.783457143034628,0.783536084149029,0.783366381281719,0.783117761835025,0.782993129975237,0.782977970409521,0.783050961228706,0.783088761929106,0.782640514379228,0.782590377372899,0.782475979453363,0.782558270814505,0.782518377263332,0.782398194452189,0.782217504416529,0.781857644935776
"1520",0.784105733460921,0.783970497714194,0.783963123894209,0.783790161853171,0.783407421219439,0.783324900350452,0.783176839996038,0.783234613596631,0.783125716068776,0.783291741886023,0.783205807138763,0.783000579214071,0.782838549209805,0.782523663716617,0.782627751138174,0.782421587163829,0.782523284167258,0.782411791253432,0.782184361376758,0.782079587729453,0.781778699033412
"1530",0.784142432003198,0.784014100382375,0.78389522923771,0.783587893230636,0.783525678593572,0.783580281962989,0.783290124770047,0.783176281079704,0.783085099528896,0.783007304589127,0.782865729803277,0.782989918415003,0.78281401628308,0.782838897954604,0.782537734856772,0.782444368402845,0.782505727122311,0.782362622977719,0.781991903963532,0.782050491321523,0.781840804970563
"1540",0.783895942721355,0.784045066532913,0.783749374138304,0.783702928596703,0.783522079815911,0.783370664687527,0.783307025158841,0.78336048042298,0.783013551580075,0.782753903871837,0.783065588235458,0.782685247950268,0.782644600924953,0.782698465851929,0.78249136007222,0.782450231752355,0.782459187806564,0.782304330282739,0.782050641127117,0.78208782292938,0.781851512493915
"1550",0.784148280666385,0.78400200129121,0.783850009041786,0.783606816752792,0.783400554951163,0.783511146086413,0.783306272977477,0.783119138111572,0.783028050097207,0.783094660435287,0.782766156075769,0.782764518745147,0.782783203090055,0.782554554859922,0.782539193522508,0.782616287273434,0.782258091090228,0.782293525259061,0.782081774350247,0.782087817445362,0.781825113307705
"1560",0.784231306779315,0.783930470225077,0.783826917573068,0.783613533978637,0.783655735963415,0.78337009228655,0.783125018476429,0.782996504003162,0.783032029365314,0.783131931650005,0.782899813127953,0.782807584899321,0.782598134110362,0.782432418844053,0.782521932712495,0.782445688621362,0.782446686045394,0.78223409317689,0.782262088365921,0.78206289642848,0.781979723359074
"1570",0.78405987480569,0.783886544613814,0.783843645730693,0.783777614724383,0.783455881175891,0.783278581589838,0.783358663461656,0.783147648499555,0.783038044176154,0.782909722238507,0.782626198117166,0.782828899945517,0.782806403971624,0.782397290583217,0.782418620348878,0.78228195280593,0.782228061733662,0.782190905635989,0.781941932987354,0.781879060466017,0.781810887603688
"1580",0.784272853895188,0.783941228444896,0.783690717162423,0.783779088900613,0.783541603090789,0.783327154873804,0.783196333833365,0.783135003313677,0.782912610896861,0.782718026774998,0.782620891410456,0.78264549569912,0.782730317602024,0.78259157091002,0.782441507876985,0.782440550858427,0.782329518812969,0.782176809986095,0.782084289579561,0.781875981935694,0.781622818120362
"1590",0.784117278508801,0.784012884852846,0.783622502673835,0.78345838562362,0.783423072412694,0.783175233981099,0.783191688248056,0.782937224370203,0.78298014601861,0.783062733108299,0.782720947857224,0.782504133415592,0.782779981878489,0.782595630537123,0.782363813906623,0.782333641249864,0.782112105491038,0.781954704411133,0.781878813666996,0.78178137959679,0.781762917252912
"1600",0.784066618644395,0.784098383854665,0.783838174890372,0.783537704847558,0.78354066149801,0.783429411737348,0.783124933758296,0.783109574715405,0.782997010327764,0.782903299161762,0.782669828123463,0.782653805545962,0.782567127356386,0.782346764246371,0.782267311388823,0.782123452557969,0.782175907226182,0.78197155920534,0.781797503340537,0.781712190422479,0.781798038537584
"1610",0.784071199559372,0.783816058958825,0.783680332131441,0.783662756214451,0.783380228698837,0.78332949210792,0.783035427774781,0.783170836513665,0.782841533067289,0.782802170233348,0.783029719679952,0.782708548407448,0.782542308227909,0.782253076735464,0.78228158553648,0.782166933611681,0.782221101825366,0.782037593074263,0.782184830387966,0.78185542750382,0.781645220056507
"1620",0.784214294223879,0.784237837962741,0.783395279861754,0.783497224092603,0.783438097845136,0.783169808185197,0.783125729617048,0.783009021903644,0.782843470290414,0.78288247177816,0.782771887058499,0.782660352670608,0.782610970233731,0.78254110107099,0.782402807510932,0.781918683519016,0.782292587897524,0.781942836131213,0.781874032446386,0.781806809157815,0.781487286001155
"1630",0.78421503900231,0.783998049968143,0.783383453704468,0.783674079239442,0.783260711024206,0.783148278764439,0.783023184799303,0.782996876726854,0.783003354044559,0.78291058541387,0.782514369345991,0.782562663766893,0.782375771958384,0.782398472080196,0.782365555078601,0.782213424144481,0.781944410775719,0.7820954665404,0.781732354387632,0.781800286704684,0.781701516021614
"1640",0.78423767635145,0.783830368210995,0.783645937999739,0.783631988195564,0.78338698389752,0.783199136527349,0.783076274272616,0.782870713808083,0.782889030849854,0.782427291216494,0.782484832163435,0.782370783048172,0.782404298674995,0.782220939824157,0.782053037588189,0.782064083698266,0.781834551681419,0.781950663202747,0.78178551119997,0.781895216884346,0.7814331970713
"1650",0.784272483895038,0.783927759992551,0.783767787348571,0.783588355770716,0.783346881246875,0.782980443946036,0.783024836258467,0.783123387367441,0.78299732356502,0.78266989163653,0.782624716294517,0.782369042062489,0.78234723926996,0.782123960064762,0.782217472160199,0.782115152157418,0.781854819773414,0.781762104747198,0.781776554250185,0.781614863409896,0.781465478871283
"1660",0.784170854183555,0.784138887864553,0.783723999929731,0.783393986367882,0.783336067936818,0.783190374620678,0.783064770617405,0.782850023371234,0.782749716994906,0.782613922705958,0.782788366782705,0.782469430607326,0.782395481309528,0.782362646661505,0.782106932378244,0.782066823921901,0.781995578649913,0.781917828789391,0.7817883686172,0.781487676049829,0.781408848136834
"1670",0.78399204648183,0.784091347649652,0.783640875055154,0.783610928738508,0.783176366173972,0.78306987200457,0.782987767145436,0.783016079102043,0.782628285605598,0.782627142704392,0.782470142952423,0.782193075620637,0.782244745723568,0.782190498670965,0.781936205416327,0.781973938952846,0.781964726165582,0.78160103080773,0.781676264414425,0.781571111708342,0.781246414554986
"1680",0.784362395496425,0.783878600475043,0.783731900136419,0.783451572859139,0.783245581090063,0.783057486271518,0.783012364531068,0.782789471525601,0.782776255890081,0.782431042799578,0.782377523008439,0.782419158001309,0.782311704379428,0.78238910646667,0.782090989945377,0.78198908460918,0.781850059772667,0.781608883593718,0.781516084789307,0.781435338560947,0.781458680165004
"1690",0.784300352635161,0.783919232523125,0.783706128765779,0.783361577122185,0.783104637209753,0.783182104675939,0.782919343097691,0.782791995659028,0.782692667262353,0.78264923627592,0.782453784952785,0.782138995815214,0.782180669624222,0.782109470888845,0.781965650664492,0.781885084619477,0.781765153395933,0.781705428011952,0.781438542979699,0.781239453620865,0.781278785926873
"1700",0.78448507460468,0.78376745300212,0.783310730552155,0.783451085517801,0.783196365022033,0.783113558234515,0.78283308776107,0.783003451143856,0.782509702195777,0.782323790767829,0.782500661638659,0.782420418697856,0.782089648232275,0.781920310124916,0.781974817561694,0.781713408754788,0.781572578770784,0.781572745428719,0.781704237146932,0.781633905713135,0.781357970011336
"1710",0.784303846849991,0.783824427177848,0.783651788487023,0.783461673372471,0.783162370439102,0.782995632632386,0.782868354008046,0.782767307356547,0.782628616702648,0.782628518007735,0.782586315877565,0.782171956578429,0.782116356584238,0.781768349416172,0.782119384259762,0.781870300577667,0.781802396066647,0.781487719825948,0.781439847434537,0.781377880988336,0.781278422214221
"1720",0.784225294191461,0.783892694180277,0.783730856572856,0.78308136231077,0.783118835977536,0.783009010037492,0.782695539788064,0.782577145616423,0.782757344488133,0.782406932476217,0.782364744243526,0.782346826069838,0.782063860174109,0.781817071766978,0.78183302447713,0.781660005861172,0.781635016105095,0.781476447072632,0.781326950756885,0.781168569030077,0.781130297625563
"1730",0.784265442514695,0.783926663245685,0.783590702632023,0.783398729130963,0.782963240771273,0.782969917103233,0.782835761445043,0.782759673740207,0.782681540315201,0.782389233740788,0.782409359189455,0.782180348157966,0.78194054471565,0.781840229511721,0.781787550535658,0.781607436496815,0.781299345895858,0.781439178207785,0.781312158885704,0.781099643586364,0.781054112393524
"1740",0.784244133670342,0.783828868280769,0.783495841535661,0.783352233367247,0.783185513402963,0.782999086882894,0.78283849025263,0.782633500631536,0.782625028754427,0.782178031840557,0.782311200606895,0.782289170126745,0.781982703678096,0.782094579225028,0.781822109655925,0.781588817783425,0.781505593004455,0.781310035132155,0.781117805140604,0.780998094916596,0.781047449086334
"1750",0.784222016588106,0.783817662882721,0.783492460465841,0.783441705523579,0.783256472614559,0.78298346066425,0.782816666711514,0.78265563803394,0.78227230201287,0.782280635183278,0.782216799317727,0.782102761936429,0.781866400842723,0.781812997704387,0.781849486998262,0.781459092272213,0.781512445865742,0.781328529951333,0.781121927652667,0.781118661013639,0.781077743433858
"1760",0.784191594512834,0.783801322879194,0.783315186428109,0.78320062737584,0.783060687986132,0.782646712867534,0.782606038518647,0.782633084884108,0.782613358205751,0.782212297989732,0.782149410291072,0.782061654777177,0.781809753493139,0.781669422819668,0.781666893882943,0.78146047123628,0.781467559904745,0.78139957326596,0.780984812367954,0.781046259904044,0.78085982069428
"1770",0.784203318533272,0.78390055358678,0.783454669625612,0.783403113358106,0.783084881344196,0.783008317465948,0.782709833464285,0.782462998241184,0.782390016570716,0.782552223055948,0.782231446703185,0.781880246539455,0.781914854537611,0.781648700863653,0.781631509721793,0.781372785659028,0.781270154662552,0.78112757214258,0.781123537883005,0.780938630621347,0.780845904207604
"1780",0.784291565892845,0.783769265071958,0.783365932665898,0.783209909495103,0.783055186741671,0.78285997570862,0.782728743801577,0.782441771342969,0.782342089281242,0.782358941018409,0.782106405465558,0.78169160696792,0.782051426367164,0.781626215744237,0.781382169262111,0.781268231269903,0.781068629260344,0.78124088852958,0.780896408200253,0.780896125371158,0.780655867350913
"1790",0.784086487253188,0.783819280507627,0.78345838344969,0.783407866145233,0.782973921875204,0.782752603991427,0.782720301313776,0.782486662381988,0.782173434727748,0.781922060702595,0.781962291323944,0.781976460640052,0.781943244245287,0.781562642602993,0.781372688779865,0.781205494597392,0.781121460643049,0.781223275459497,0.780984630039799,0.780705751602566,0.78050855586625
"1800",0.784306378209788,0.783568653823386,0.783237665389823,0.783167655842948,0.782969857494146,0.782826257053405,0.782589039151748,0.782564904924991,0.782230254898115,0.782272320147691,0.781912289090672,0.781855770232795,0.781855139536237,0.78153243858346,0.781352346766418,0.781192323814021,0.780952494490857,0.781045719307213,0.780832781397082,0.780668281663319,0.780793087939464
"1810",0.78419154620807,0.783635179631293,0.783245222459581,0.783261227636121,0.782996004657823,0.782883535763555,0.782392313017932,0.782417680742562,0.782248477289459,0.782252622999873,0.781957317034483,0.781633028701912,0.781616411776189,0.781469411902968,0.781318555242656,0.781272918703024,0.781124966129176,0.780689636623294,0.780821591331565,0.780857212001397,0.780538521394917
"1820",0.784223723157976,0.783725151807894,0.783156520360331,0.782961024456663,0.783007541377511,0.78258061387099,0.782470229065865,0.782349202622983,0.782338333157138,0.782123656541995,0.781768379121569,0.781959422669439,0.781563689698218,0.781308403955254,0.781261583763972,0.781070335677043,0.78095382567581,0.780888165944741,0.780977674951161,0.78066132559511,0.780282703757087
"1830",0.784161858764765,0.783867449669659,0.783106280543726,0.7830073181868,0.78290570620455,0.78269751491643,0.782383243373582,0.782455893071953,0.782280358408339,0.782114820668893,0.781708897046672,0.78169894901002,0.781630096488114,0.781412910077227,0.781216936710917,0.780962919018077,0.78119128106086,0.780877657817994,0.780764055090155,0.780527526038252,0.780396114717748
"1840",0.784354859784442,0.783952050141364,0.783313664029836,0.782992932635506,0.782947606979126,0.782531973916349,0.782318637983812,0.782200449876726,0.782093378671967,0.781999383151571,0.781736814680828,0.781557210258405,0.781358829182133,0.781289494234061,0.781167499641537,0.780960426851292,0.780987807687686,0.78069307723242,0.780699897108942,0.78048786301396,0.780307116795789
"1850",0.78430250099932,0.784075286997778,0.783432769026546,0.782894577040937,0.782765533650019,0.782674107869258,0.782281651974187,0.782326176387708,0.782188513528343,0.781717924717243,0.781920166500235,0.78164019441017,0.781304309144823,0.781383653909438,0.781141849767727,0.781006977528176,0.780728444606703,0.78073291434255,0.780724009593992,0.780398707331064,0.780069943146966
"1860",0.784277611939202,0.783761550470067,0.783286476500005,0.782976941450181,0.782687730686376,0.782829137531712,0.782240224885666,0.782290340689939,0.782127987957313,0.781969959314525,0.781569458375785,0.78145184156543,0.781424643795686,0.781161164711448,0.781049846739464,0.780876221895892,0.780645375485484,0.780658640813795,0.780552181300041,0.78016568597769,0.780028348701052
"1870",0.784281609877511,0.783764668173919,0.782874266136493,0.782855305991418,0.782507207828602,0.782515288219232,0.782310353180549,0.782098879769868,0.782070643716777,0.781743737711849,0.781645835314186,0.781393867906188,0.78118148882232,0.780887985308453,0.780838297259603,0.780847382202756,0.780810007349998,0.78046574712432,0.780502287435914,0.780185969264926,0.780129813538511
"1880",0.784041533276219,0.783768689474139,0.783103596066091,0.78295549171671,0.78279078267967,0.782520642716786,0.782120806027492,0.782043909275909,0.781767207672895,0.781740186296208,0.781628046495732,0.781439916095522,0.781237346729539,0.780984585147147,0.780916729778706,0.780749537004523,0.780354002290777,0.780665527433161,0.780271075706286,0.780178708613273,0.780204605812739
"1890",0.784466220287905,0.783832962178591,0.783352357394438,0.782963440711067,0.782609933302957,0.78239095164113,0.782199307348411,0.781977086167647,0.781775468407963,0.782037325141153,0.781607140379003,0.781482855090252,0.781116889558995,0.781123278068784,0.780950120399397,0.780774983925528,0.780333846513182,0.780532862781199,0.780186176059262,0.779805876268909,0.77991196023602
"1900",0.784014362605766,0.783570723297237,0.783176509207016,0.782706109971128,0.782379932017304,0.782457932771875,0.782134855083073,0.782108855662132,0.781753887427334,0.781571260432212,0.781536285269563,0.781439127975905,0.781255135927162,0.781200880117057,0.78094934918406,0.780669533663301,0.780603866239222,0.780259476305242,0.77992232712409,0.780040433930692,0.780214665895658
"1910",0.78418442729142,0.783529337375641,0.783233297727336,0.782588361397575,0.782324632930102,0.78243695470785,0.782185332257578,0.782075174053085,0.781605031452871,0.781632047881647,0.781346013777726,0.781230431976229,0.781114117200857,0.780917096114992,0.780946230519762,0.780393535244622,0.780591219395618,0.78020791901311,0.780042798091724,0.779773031385511,0.779715733670179
"1920",0.784198318563029,0.783473647184525,0.783083802295778,0.78271403549755,0.782702411701024,0.78217800030104,0.782161967151608,0.781646902446199,0.781652041315544,0.781419738278473,0.781370548762838,0.781220225974457,0.780870414690494,0.780903817847669,0.780603438097368,0.78043999712326,0.780390871880104,0.779879291071523,0.779979807339866,0.779599331502356,0.779740452455773
"1930",0.783885608857774,0.783228569281051,0.782803606447695,0.782701682906575,0.782415524726848,0.78202477526544,0.781988971047852,0.781805266110507,0.781508281771449,0.781387132929746,0.781420222272123,0.781060614770594,0.781007573644251,0.780807173687076,0.78045437035747,0.780410535939618,0.780330593957284,0.779895729013313,0.779853164898001,0.779604779494773,0.779557717246804
"1940",0.784172008519602,0.783256546557853,0.782937119618663,0.782667045271571,0.782261865051124,0.782252427605989,0.782194910241072,0.781858277524231,0.781598346107625,0.781431810500055,0.781186745983582,0.781028657566664,0.781057751894887,0.780821038363146,0.78053128303533,0.780205960357131,0.78020398516398,0.779831327043922,0.779903888596664,0.779329504108179,0.779414534857225
"1950",0.784216756485563,0.783177320870781,0.782885173020869,0.782516608028498,0.782311308048924,0.782112212182714,0.781791348173,0.781656638474503,0.781700390269804,0.78151254352689,0.781362891525357,0.780848130282067,0.780794104283903,0.780493104739775,0.780353295717999,0.780264126843032,0.780167055539084,0.779973293712308,0.779725638148428,0.779567284831316,0.779187580516648
"1960",0.784310208056636,0.783148088151789,0.782829841508919,0.782613328120853,0.782374906815125,0.782317504874317,0.781906723012256,0.781636410611063,0.78142695654947,0.781369613959005,0.781312082222575,0.781059864186503,0.780930684223607,0.780328179734974,0.780447530882304,0.780345545407616,0.77991630670172,0.77970070829002,0.779681220320427,0.779723465775774,0.778883729543496
"1970",0.783967366910109,0.782808943732338,0.782845918828124,0.782385409214234,0.78228897022461,0.781828249490153,0.781973297078723,0.781597030740155,0.781419004483911,0.781327997972997,0.781056558272407,0.780797853316169,0.780563705298419,0.780301201523375,0.780435556800729,0.78032380003874,0.779814714368057,0.779739326483815,0.779328761631697,0.779381210778524,0.779049101961864
"1980",0.783813247104093,0.782949115288841,0.782672078171653,0.782214841462817,0.782121459179814,0.782204716863967,0.781752615360256,0.781483662569596,0.781357190327536,0.781140322657855,0.781008374814223,0.780966366075342,0.780489662863227,0.780252726060494,0.780174882292908,0.780152464735496,0.779787858730329,0.779760622495896,0.779321177597041,0.779285781193588,0.778897933209643
"1990",0.78388628238076,0.783063135073184,0.782674420909036,0.782389409591783,0.782270290846104,0.781872379921753,0.781661784381439,0.781552109672074,0.781423512395251,0.781014880984499,0.780816668334284,0.780300517034275,0.78045288722097,0.780040467127615,0.779873570895776,0.780017620171286,0.779500823228762,0.779522835740105,0.779224309386515,0.779049390709399,0.778973990570821
"2000",0.783941606398516,0.782612020341477,0.782544785808157,0.78212149635375,0.782019314502687,0.781850530461527,0.781742154822761,0.7816275138776,0.781358350819653,0.780871521280189,0.780815603443379,0.780645654423867,0.780283052267619,0.780165275306184,0.77999908083303,0.779820338149151,0.779781149018132,0.77949467057543,0.779155615781904,0.778967524215182,0.778861481397532
